,DATE,GDPC1_PCH,GNP_PCH,GNPC96_PCH,CPILFESL,PCEPILFE,JHDUSRGDPBR,UNRATE
0,1947-04-01,-0.26669,1.1964299999999999,-0.23978000000000002,,,,
1,1947-07-01,-0.2065,1.4785700000000002,-0.20822,,,,
2,1947-10-01,1.56421,4.09427,1.58636,,,,
3,1948-01-01,1.50426,2.3572599999999997,1.54854,,,,3.7333333333333333
4,1948-04-01,1.6506599999999998,2.58785,1.67265,,,,3.6666666666666667
5,1948-07-01,0.5729,2.4204,0.5728,,,,3.7666666666666667
6,1948-10-01,0.11174,0.41257,0.11068,,,,3.8333333333333333
7,1949-01-01,-1.37795,-1.92203,-1.3965299999999998,,,,4.6666666666666667
8,1949-04-01,-0.3411,-1.35301,-0.3564,,,,5.8666666666666667
9,1949-07-01,1.0324200000000001,0.5434899999999999,1.00881,,,,6.7000000000000000
10,1949-10-01,-0.8392799999999999,-0.8761200000000001,-0.8861700000000001,,,,6.9666666666666667
11,1950-01-01,3.9301199999999996,3.78864,3.9437900000000004,,,,6.4000000000000000
12,1950-04-01,3.04984,3.4188199999999997,3.0654,,,,5.5666666666666667
13,1950-07-01,3.86439,6.19166,3.94262,,,,4.6333333333333333
14,1950-10-01,1.9147599999999998,3.80746,1.90127,,,,4.2333333333333333
15,1951-01-01,1.35816,4.97055,1.3251,,,,3.5000000000000000
16,1951-04-01,1.7327400000000002,2.4992799999999997,1.82076,,,,3.1000000000000000
17,1951-07-01,2.06098,2.14121,2.07501,,,,3.1666666666666667
18,1951-10-01,0.22024000000000002,1.40047,0.25598000000000004,,,,3.3666666666666667
19,1952-01-01,1.06855,0.97424,1.02226,,,,3.0666666666666667
20,1952-04-01,0.21539,0.33939,0.21768,,,,2.9666666666666667
21,1952-07-01,0.72187,1.8273,0.70585,,,,3.2333333333333333
22,1952-10-01,3.2842,3.5349199999999996,3.25208,,,,2.8333333333333333
23,1953-01-01,1.85885,1.8646599999999998,1.8380900000000002,,,,2.7000000000000000
24,1953-04-01,0.77298,1.0036200000000002,0.80362,,,,2.5666666666666667
25,1953-07-01,-0.5626899999999999,-0.20848000000000003,-0.62373,,,,2.7333333333333333
26,1953-10-01,-1.5139799999999999,-1.31864,-1.50399,,,,3.7000000000000000
27,1954-01-01,-0.47801000000000005,-0.11681,-0.43244,,,,5.2666666666666667
28,1954-04-01,0.10899,0.19982,0.10522000000000001,,,,5.8000000000000000
29,1954-07-01,1.1293600000000001,1.26636,1.13044,,,,5.9666666666666667
30,1954-10-01,1.95668,2.30082,2.01983,,,,5.3333333333333333
31,1955-01-01,2.85625,3.33742,2.85175,,,,4.7333333333333333
32,1955-04-01,1.6271799999999998,2.0298599999999998,1.6059,,,,4.4000000000000000
33,1955-07-01,1.35048,2.0611900000000003,1.34879,,,,4.1000000000000000
34,1955-10-01,0.60032,1.6065399999999999,0.61065,,,,4.2333333333333333
35,1956-01-01,-0.38841,0.6774,-0.31590999999999997,,,,4.0333333333333333
36,1956-04-01,0.8263299999999999,1.41235,0.81342,,,,4.2000000000000000
37,1956-07-01,-0.08983,1.1756799999999998,-0.07292,,,,4.1333333333333333
38,1956-10-01,1.64593,1.95937,1.54873,,,,4.1333333333333333
39,1957-01-01,0.64039,2.12538,0.7452,28.6000000000000000,,,3.9333333333333333
40,1957-04-01,-0.2191,0.53461,-0.16372,28.8333333333333333,,,4.1000000000000000
41,1957-07-01,0.97988,1.5421,0.9397,29.0333333333333333,,,4.2333333333333333
42,1957-10-01,-1.03459,-1.10312,-1.17635,29.2666666666666667,,,4.9333333333333333
43,1958-01-01,-2.59585,-1.51404,-2.5655200000000002,29.4000000000000000,,,6.3000000000000000
44,1958-04-01,0.65737,0.9575299999999999,0.6633899999999999,29.5333333333333333,,,7.3666666666666667
45,1958-07-01,2.31385,2.90179,2.27809,29.6333333333333333,,,7.3333333333333333
46,1958-10-01,2.33931,2.8035900000000002,2.31861,29.8000000000000000,,,6.3666666666666667
47,1959-01-01,1.9213,2.14542,1.9062599999999998,29.9333333333333333,16.7420000000000000,,5.8333333333333333
48,1959-04-01,2.25642,2.40587,2.24349,30.1000000000000000,16.8313333333333333,,5.1000000000000000
49,1959-07-01,0.0712,0.49709,0.11285,30.2333333333333333,16.9440000000000000,,5.2666666666666667
50,1959-10-01,0.28504,0.71344,0.32008000000000003,30.4333333333333333,17.0413333333333333,,5.6000000000000000
51,1960-01-01,2.2473,2.6230599999999997,2.20939,30.5666666666666667,17.0950000000000000,,5.1333333333333333
52,1960-04-01,-0.5393899999999999,-0.27329000000000003,-0.52251,30.6333333333333333,17.1600000000000000,,5.2333333333333333
53,1960-07-01,0.48927,0.8609,0.51268,30.6000000000000000,17.2270000000000000,,5.5333333333333333
54,1960-10-01,-1.2834299999999998,-0.95031,-1.2395399999999999,30.7666666666666667,17.2836666666666667,,6.2666666666666667
55,1961-01-01,0.67503,0.92742,0.70994,30.8333333333333333,17.3130000000000000,,6.8000000000000000
56,1961-04-01,1.6974799999999999,1.8868200000000002,1.6488900000000002,30.9333333333333333,17.3700000000000000,,7.0000000000000000
57,1961-07-01,1.9196400000000002,2.18644,1.9218,31.0666666666666667,17.4456666666666667,,6.7666666666666667
58,1961-10-01,1.96111,2.28357,1.9630599999999998,31.1666666666666667,17.4876666666666667,,6.2000000000000000
59,1962-01-01,1.7836,2.2945599999999997,1.76709,31.2333333333333333,17.5520000000000000,,5.6333333333333333
60,1962-04-01,0.9036700000000001,1.12849,0.9613799999999999,31.3666666666666667,17.6196666666666667,,5.5333333333333333
61,1962-07-01,1.22851,1.44285,1.2268,31.4666666666666667,17.6776666666666667,,5.5666666666666667
62,1962-10-01,0.32886,0.64135,0.43185,31.5333333333333333,17.7106666666666667,,5.5333333333333333
63,1963-01-01,1.09161,1.48604,1.0446600000000001,31.6000000000000000,17.7696666666666667,,5.7666666666666667
64,1963-04-01,1.12212,1.26322,1.0852700000000002,31.7333333333333333,17.8366666666666667,,5.7333333333333333
65,1963-07-01,2.19843,2.33295,2.19613,31.8666666666666667,17.9053333333333333,,5.5000000000000000
66,1963-10-01,0.6556,1.49195,0.67408,32.0333333333333333,17.9916666666666667,,5.5666666666666667
67,1964-01-01,2.1082799999999997,2.4776700000000003,2.15888,32.2000000000000000,18.0676666666666667,,5.4666666666666667
68,1964-04-01,1.0887,1.28452,1.04926,32.2333333333333333,18.1220000000000000,,5.2000000000000000
69,1964-07-01,1.5623,1.97938,1.5734299999999999,32.3000000000000000,18.1720000000000000,,5.0000000000000000
70,1964-10-01,0.30889,0.70838,0.25258,32.4666666666666667,18.2180000000000000,,4.9666666666666667
71,1965-01-01,2.41977,3.02101,2.4992,32.6000000000000000,18.2866666666666667,,4.9000000000000000
72,1965-04-01,1.2632700000000001,1.7431599999999998,1.27898,32.7000000000000000,18.3440000000000000,,4.6666666666666667
73,1965-07-01,2.22327,2.54732,2.14961,32.7333333333333333,18.4006666666666667,,4.3666666666666667
74,1965-10-01,2.30404,2.92456,2.22148,32.9000000000000000,18.4620000000000000,,4.1000000000000000
75,1966-01-01,2.43423,3.10155,2.44065,33.0666666666666667,18.5543333333333333,,3.8666666666666667
76,1966-04-01,0.34162,1.16156,0.3405,33.4000000000000000,18.7046666666666667,,3.8333333333333333
77,1966-07-01,0.84691,1.7989400000000002,0.8264299999999999,33.7000000000000000,18.8593333333333333,,3.7666666666666667
78,1966-10-01,0.82037,1.6929299999999998,0.84391,34.0333333333333333,19.0223333333333333,,3.7000000000000000
79,1967-01-01,0.88559,1.29102,0.8715299999999999,34.2333333333333333,19.1273333333333333,,3.8333333333333333
80,1967-04-01,0.061270000000000005,0.55004,0.042539999999999994,34.5000000000000000,19.2553333333333333,,3.8333333333333333
81,1967-07-01,0.9461299999999999,1.9739799999999998,1.0056200000000002,34.8666666666666667,19.4303333333333333,,3.8000000000000000
82,1967-10-01,0.75402,1.84873,0.72888,35.2333333333333333,19.6263333333333333,0.0,3.9000000000000000
83,1968-01-01,2.0394900000000002,3.17703,2.04292,35.6666666666666667,19.8496666666666667,0.0,3.7333333333333333
84,1968-04-01,1.67081,2.74693,1.67323,36.0333333333333333,20.0806666666666667,0.0,3.5666666666666667
85,1968-07-01,0.7749699999999999,1.7794599999999998,0.78996,36.5333333333333333,20.3053333333333333,0.0,3.5333333333333333
86,1968-10-01,0.3933,1.79965,0.38549,37.0666666666666667,20.5413333333333333,0.0,3.4000000000000000
87,1969-01-01,1.56511,2.60392,1.5572700000000002,37.5666666666666667,20.7660000000000000,0.0,3.4000000000000000
88,1969-04-01,0.30401,1.55151,0.27703,38.1666666666666667,21.0146666666666667,1.0,3.4333333333333333
89,1969-07-01,0.66051,2.0413099999999997,0.6271100000000001,38.7000000000000000,21.2573333333333333,1.0,3.5666666666666667
90,1969-10-01,-0.48768999999999996,0.79737,-0.48502,39.2333333333333333,21.5063333333333333,1.0,3.5666666666666667
91,1970-01-01,-0.14848,1.27595,-0.13111,39.8333333333333333,21.7413333333333333,1.0,4.1666666666666667
92,1970-04-01,0.14192000000000002,1.56267,0.16267,40.5666666666666667,21.9870000000000000,1.0,4.7666666666666667
93,1970-07-01,0.92158,1.7347099999999998,0.9061299999999999,41.1000000000000000,22.2313333333333333,1.0,5.1666666666666667
94,1970-10-01,-1.07164,0.1857,-1.1194600000000001,41.7666666666666667,22.5436666666666667,1.0,5.8333333333333333
95,1971-01-01,2.71599,4.37556,2.8104299999999998,42.1666666666666667,22.8293333333333333,0.0,5.9333333333333333
96,1971-04-01,0.5411100000000001,1.89713,0.57527,42.6000000000000000,23.0896666666666667,0.0,5.9000000000000000
97,1971-07-01,0.8229799999999999,1.7770299999999999,0.74763,42.9666666666666667,23.3073333333333333,0.0,6.0333333333333333
98,1971-10-01,0.23578000000000002,1.1047,0.26945,43.2000000000000000,23.4403333333333333,0.0,5.9333333333333333
99,1972-01-01,1.83895,3.4021800000000004,1.85607,43.5666666666666667,23.6650000000000000,0.0,5.7666666666666667
100,1972-04-01,2.2697599999999998,2.88194,2.2431099999999997,43.9000000000000000,23.8250000000000000,0.0,5.7000000000000000
101,1972-07-01,0.94439,1.9615799999999999,0.9944200000000001,44.2333333333333333,24.0043333333333333,0.0,5.5666666666666667
102,1972-10-01,1.6744599999999998,2.95825,1.65815,44.4666666666666667,24.1550000000000000,0.0,5.3666666666666667
103,1973-01-01,2.4748099999999997,3.75454,2.56677,44.8000000000000000,24.3233333333333333,0.0,4.9333333333333333
104,1973-04-01,1.08865,2.69083,1.13325,45.2666666666666667,24.6546666666666667,0.0,4.9333333333333333
105,1973-07-01,-0.5259,1.5574700000000001,-0.38143,45.7333333333333333,24.9823333333333333,0.0,4.8000000000000000
106,1973-10-01,0.9492299999999999,2.96163,0.9469700000000001,46.5000000000000000,25.3300000000000000,1.0,4.7666666666666667
107,1974-01-01,-0.85977,1.18644,-0.67901,47.2333333333333333,25.7650000000000000,1.0,5.1333333333333333
108,1974-04-01,0.23768000000000003,2.53117,0.17193,48.4666666666666667,26.4050000000000000,1.0,5.2000000000000000
109,1974-07-01,-0.9451299999999999,1.8655599999999999,-1.03485,50.1333333333333333,27.1600000000000000,1.0,5.6333333333333333
110,1974-10-01,-0.38814,2.39414,-0.52569,51.6000000000000000,27.8230000000000000,1.0,6.6000000000000000
111,1975-01-01,-1.2173,0.89856,-1.3491600000000001,52.7000000000000000,28.3673333333333333,1.0,8.2666666666666667
112,1975-04-01,0.71454,2.21178,0.71487,53.5333333333333333,28.7990000000000000,0.0,8.8666666666666667
113,1975-07-01,1.71166,3.56529,1.76027,54.2333333333333333,29.2316666666666667,0.0,8.4666666666666667
114,1975-10-01,1.34651,3.19123,1.48987,55.1666666666666667,29.7076666666666667,0.0,8.3000000000000000
115,1976-01-01,2.24876,3.2869900000000003,2.19999,56.2000000000000000,30.1593333333333333,0.0,7.7333333333333333
116,1976-04-01,0.7337,1.78322,0.76256,56.9666666666666667,30.5206666666666667,0.0,7.5666666666666667
117,1976-07-01,0.54872,1.85663,0.55293,57.9000000000000000,30.9986666666666667,0.0,7.7333333333333333
118,1976-10-01,0.72485,2.54628,0.74068,58.7000000000000000,31.4840000000000000,0.0,7.7666666666666667
119,1977-01-01,1.18149,2.9333299999999998,1.30525,59.6666666666666667,32.0133333333333333,0.0,7.5000000000000000
120,1977-04-01,1.9441099999999998,3.3465,1.9018599999999999,60.6333333333333333,32.5033333333333333,0.0,7.1333333333333333
121,1977-07-01,1.80435,3.01927,1.7755599999999998,61.5000000000000000,33.0436666666666667,0.0,6.9000000000000000
122,1977-10-01,0.0021899999999999997,2.0417799999999997,-0.11023,62.3333333333333333,33.5240000000000000,0.0,6.6666666666666667
123,1978-01-01,0.31918,1.9154,0.4564,63.4333333333333333,34.0470000000000000,0.0,6.3333333333333333
124,1978-04-01,3.86425,5.64213,3.6533800000000003,64.7333333333333333,34.6343333333333333,0.0,6.0000000000000000
125,1978-07-01,1.00552,2.78938,1.07318,66.1333333333333333,35.2283333333333333,0.0,6.0333333333333333
126,1978-10-01,1.34415,3.5430099999999998,1.46494,67.6000000000000000,35.8606666666666667,0.0,5.9000000000000000
127,1979-01-01,0.17978,2.02875,0.20282999999999998,69.1666666666666667,36.3513333333333333,0.0,5.8666666666666667
128,1979-04-01,0.10693,2.6802599999999996,0.23071999999999998,70.8000000000000000,37.1500000000000000,1.0,5.7000000000000000
129,1979-07-01,0.74287,3.16561,0.95944,72.6333333333333333,37.8356666666666667,1.0,5.8666666666666667
130,1979-10-01,0.25006999999999996,2.09797,0.23663,74.8333333333333333,38.6253333333333333,1.0,5.9666666666666667
131,1980-01-01,0.31451999999999997,2.4435,0.33507,77.6000000000000000,39.5700000000000000,1.0,6.3000000000000000
132,1980-04-01,-2.06048,0.18855,-2.1367700000000003,80.2000000000000000,40.4550000000000000,1.0,7.3333333333333333
133,1980-07-01,-0.11885,2.03779,-0.1923,81.4000000000000000,41.3556666666666667,0.0,7.6666666666666667
134,1980-10-01,1.86493,4.26117,1.61283,83.9333333333333333,42.3636666666666667,0.0,7.4000000000000000
135,1981-01-01,1.95944,4.69549,2.00545,85.9000000000000000,43.3030000000000000,0.0,7.4333333333333333
136,1981-04-01,-0.7410800000000001,1.17049,-0.79276,87.8000000000000000,44.1213333333333333,1.0,7.4000000000000000
137,1981-07-01,1.1975200000000001,3.15604,1.24653,90.7666666666666667,44.9340000000000000,1.0,7.4000000000000000
138,1981-10-01,-1.08955,0.76349,-0.9521200000000001,92.5333333333333333,45.7326666666666667,1.0,8.2333333333333333
139,1982-01-01,-1.55354,-0.24569000000000002,-1.5975700000000002,93.6666666666666667,46.4026666666666667,1.0,8.8333333333333333
140,1982-04-01,0.4562,1.89125,0.58758,95.4000000000000000,47.0303333333333333,1.0,9.4333333333333333
141,1982-07-01,-0.3823,0.84346,-0.56684,97.0000000000000000,47.7840000000000000,0.0,9.9000000000000000
142,1982-10-01,0.039939999999999996,1.03797,-0.00016999999999999999,97.3333333333333333,48.4496666666666667,0.0,10.6666666666666667
143,1983-01-01,1.31785,2.0604299999999998,1.29283,97.9333333333333333,49.0863333333333333,0.0,10.3666666666666667
144,1983-04-01,2.27561,3.08271,2.31779,98.9000000000000000,49.4613333333333333,0.0,10.1333333333333333
145,1983-07-01,1.9990700000000001,3.08268,1.99846,100.1333333333333333,50.2126666666666667,0.0,9.3666666666666667
146,1983-10-01,2.08622,2.88003,2.10371,101.4333333333333333,50.6143333333333333,0.0,8.5333333333333333
147,1984-01-01,1.9547700000000001,2.8872400000000003,1.8546799999999999,102.8333333333333333,51.1260000000000000,0.0,7.8666666666666667
148,1984-04-01,1.7277900000000002,2.5866599999999997,1.71642,104.1000000000000000,51.7243333333333333,0.0,7.4333333333333333
149,1984-07-01,0.96406,1.83997,0.94529,105.4000000000000000,52.2103333333333333,0.0,7.4333333333333333
150,1984-10-01,0.82086,1.45984,0.71024,106.4666666666666667,52.5813333333333333,0.0,7.3000000000000000
151,1985-01-01,0.96909,1.7715900000000002,0.77861,107.6333333333333333,53.2986666666666667,0.0,7.2333333333333333
152,1985-04-01,0.88046,1.5672,0.90774,108.7666666666666667,53.7613333333333333,0.0,7.3000000000000000
153,1985-07-01,1.52712,2.00599,1.39624,109.7333333333333333,54.3133333333333333,0.0,7.2000000000000000
154,1985-10-01,0.74329,1.37055,0.8033600000000001,111.0000000000000000,54.7030000000000000,0.0,7.0333333333333333
155,1986-01-01,0.9335,1.3503100000000001,0.8532700000000001,112.2000000000000000,55.2943333333333333,0.0,7.0333333333333333
156,1986-04-01,0.45038,0.67948,0.29466,113.1333333333333333,55.6730000000000000,0.0,7.1666666666666667
157,1986-07-01,0.9570299999999999,1.42546,1.00026,114.2000000000000000,56.0550000000000000,0.0,6.9666666666666667
158,1986-10-01,0.53708,0.9463299999999999,0.39537,115.3000000000000000,56.5106666666666667,0.0,6.8333333333333333
159,1987-01-01,0.74517,1.43269,0.78018,116.2333333333333333,56.8650000000000000,0.0,6.6000000000000000
160,1987-04-01,1.0789,1.853,1.14799,117.6333333333333333,57.4163333333333333,0.0,6.2666666666666667
161,1987-07-01,0.86761,1.61742,0.85104,118.7333333333333333,57.9300000000000000,0.0,6.0000000000000000
162,1987-10-01,1.71705,2.55709,1.7452599999999998,120.1000000000000000,58.5190000000000000,0.0,5.8333333333333333
163,1988-01-01,0.51663,1.40586,0.61669,121.2666666666666667,59.0836666666666667,0.0,5.7000000000000000
164,1988-04-01,1.31387,2.24566,1.25965,122.7333333333333333,59.8003333333333333,0.0,5.4666666666666667
165,1988-07-01,0.5859300000000001,1.7292599999999998,0.5270699999999999,124.1000000000000000,60.4886666666666667,0.0,5.4666666666666667
166,1988-10-01,1.3325,2.24733,1.36848,125.6000000000000000,61.1650000000000000,0.0,5.3333333333333333
167,1989-01-01,1.0166,2.05595,0.9997,126.9333333333333333,61.8323333333333333,0.0,5.2000000000000000
168,1989-04-01,0.76327,1.8158,0.73953,128.3000000000000000,62.3943333333333333,0.0,5.2333333333333333
169,1989-07-01,0.74088,1.51811,0.77928,129.5333333333333333,62.8593333333333333,0.0,5.2333333333333333
170,1989-10-01,0.19705,1.0206,0.30264,131.1000000000000000,63.4343333333333333,1.0,5.3666666666666667
171,1990-01-01,1.09279,2.1492400000000003,1.05495,132.7666666666666667,64.1653333333333333,1.0,5.3000000000000000
172,1990-04-01,0.36291,1.51521,0.38724000000000003,134.5000000000000000,64.8820000000000000,1.0,5.3333333333333333
173,1990-07-01,0.06652000000000001,0.84454,-0.01963,136.5000000000000000,65.5376666666666667,1.0,5.7000000000000000
174,1990-10-01,-0.91038,0.21461,-0.53652,138.0666666666666667,66.0876666666666667,1.0,6.1333333333333333
175,1991-01-01,-0.46784,0.32065,-0.65732,140.0666666666666667,66.6743333333333333,1.0,6.6000000000000000
176,1991-04-01,0.77972,1.32986,0.58937,141.3333333333333333,67.1880000000000000,0.0,6.8333333333333333
177,1991-07-01,0.5053,1.22862,0.44251999999999997,142.8666666666666667,67.7933333333333333,0.0,6.8666666666666667
178,1991-10-01,0.3485,1.07067,0.47381,144.2000000000000000,68.3270000000000000,0.0,7.1000000000000000
179,1992-01-01,1.19705,1.5573,1.18234,145.4666666666666667,68.8490000000000000,0.0,7.3666666666666667
180,1992-04-01,1.08435,1.6727,1.06707,146.7333333333333333,69.3353333333333333,0.0,7.6000000000000000
181,1992-07-01,0.9882700000000001,1.43064,0.93919,147.8666666666666667,69.7463333333333333,0.0,7.6333333333333333
182,1992-10-01,1.04316,1.74748,1.05341,149.2000000000000000,70.2573333333333333,0.0,7.3666666666666667
183,1993-01-01,0.1674,0.82778,0.26495,150.5000000000000000,70.7413333333333333,0.0,7.1333333333333333
184,1993-04-01,0.5824199999999999,1.07771,0.48081999999999997,151.7666666666666667,71.2783333333333333,0.0,7.0666666666666667
185,1993-07-01,0.47731,1.1501299999999999,0.55506,152.6666666666666667,71.6770000000000000,0.0,6.8000000000000000
186,1993-10-01,1.36011,1.6782,1.12789,153.8666666666666667,72.0460000000000000,0.0,6.6333333333333333
187,1994-01-01,0.9702200000000001,1.54463,1.06377,154.8666666666666667,72.3723333333333333,0.0,6.5666666666666667
188,1994-04-01,1.35505,1.7747099999999998,1.28534,155.9333333333333333,72.8596666666666667,0.0,6.2000000000000000
189,1994-07-01,0.5845199999999999,1.13609,0.55805,157.1000000000000000,73.2666666666666667,0.0,6.0000000000000000
190,1994-10-01,1.14552,1.6767400000000001,1.12541,158.1000000000000000,73.6383333333333333,0.0,5.6333333333333333
191,1995-01-01,0.35475999999999996,1.0228700000000002,0.47429,159.4333333333333333,74.0243333333333333,0.0,5.4666666666666667
192,1995-04-01,0.29834,0.81463,0.32905999999999996,160.7333333333333333,74.4640000000000000,0.0,5.6666666666666667
193,1995-07-01,0.8506799999999999,1.1602700000000001,0.66285,161.8000000000000000,74.8193333333333333,0.0,5.6666666666666667
194,1995-10-01,0.67902,1.3126,0.82529,162.9333333333333333,75.1943333333333333,0.0,5.5666666666666667
195,1996-01-01,0.74895,1.31566,0.8297399999999999,164.0333333333333333,75.4896666666666667,0.0,5.5333333333333333
196,1996-04-01,1.66785,1.9746599999999999,1.5541200000000002,165.0000000000000000,75.8483333333333333,0.0,5.5000000000000000
197,1996-07-01,0.89699,1.18303,0.85264,166.0666666666666667,76.1946666666666667,0.0,5.2666666666666667
198,1996-10-01,1.0383799999999999,1.64202,1.1012899999999999,167.1333333333333333,76.6286666666666667,0.0,5.3333333333333333
199,1997-01-01,0.64556,1.14109,0.5422100000000001,168.1000000000000000,76.9296666666666667,0.0,5.2333333333333333
200,1997-04-01,1.662,1.9524700000000001,1.74688,169.1666666666666667,77.3310000000000000,0.0,5.0000000000000000
201,1997-07-01,1.25085,1.59541,1.15654,169.9000000000000000,77.5113333333333333,0.0,4.8666666666666667
202,1997-10-01,0.85882,1.1090200000000001,0.7771399999999999,170.8666666666666667,77.7566666666666667,0.0,4.6666666666666667
203,1998-01-01,0.9994799999999999,1.24801,1.09901,171.9000000000000000,77.9856666666666667,0.0,4.6333333333333333
204,1998-04-01,0.92581,1.12869,0.8889799999999999,172.8666666666666667,78.2246666666666667,0.0,4.4000000000000000
205,1998-07-01,1.2525700000000002,1.5399100000000001,1.10354,173.9000000000000000,78.5026666666666667,0.0,4.5333333333333333
206,1998-10-01,1.61588,1.92262,1.6407599999999998,174.8666666666666667,78.7520000000000000,0.0,4.4333333333333333
207,1999-01-01,0.94647,1.4183,1.04519,175.6333333333333333,79.0076666666666667,0.0,4.3000000000000000
208,1999-04-01,0.7691600000000001,1.18488,0.81758,176.4666666666666667,79.2626666666666667,0.0,4.2666666666666667
209,1999-07-01,1.30966,1.6184100000000001,1.27204,177.4000000000000000,79.5363333333333333,0.0,4.2333333333333333
210,1999-10-01,1.6995900000000002,2.3428400000000003,1.7957299999999998,178.4000000000000000,79.8950000000000000,0.0,4.0666666666666667
211,2000-01-01,0.36175999999999997,1.00534,0.32276,179.5666666666666667,80.3333333333333333,0.0,4.0333333333333333
212,2000-04-01,1.83116,2.4696599999999997,1.8548799999999999,180.7000000000000000,80.5886666666666667,0.0,3.9333333333333333
213,2000-07-01,0.13355999999999998,0.65686,0.08739,181.9000000000000000,80.9533333333333333,0.0,4.0000000000000000
214,2000-10-01,0.6228899999999999,1.39124,0.8577299999999999,183.0000000000000000,81.3420000000000000,0.0,3.9000000000000000
215,2001-01-01,-0.28518000000000004,0.18644000000000002,-0.42294,184.3333333333333333,81.8113333333333333,1.0,4.2333333333333333
216,2001-04-01,0.5845600000000001,1.27354,0.66501,185.4666666666666667,82.1213333333333333,1.0,4.4000000000000000
217,2001-07-01,-0.41503999999999996,-0.23065,-0.62943,186.7333333333333333,82.3416666666666667,1.0,4.8333333333333333
218,2001-10-01,0.27237,1.20003,0.8675700000000001,187.9666666666666667,82.7586666666666667,0.0,5.5000000000000000
219,2002-01-01,0.87451,0.8410299999999999,0.50917,189.0000000000000000,82.9996666666666667,0.0,5.7000000000000000
220,2002-04-01,0.60573,0.78814,0.42683999999999994,189.9666666666666667,83.4750000000000000,0.0,5.8333333333333333
221,2002-07-01,0.44456999999999997,1.02851,0.56496,190.9666666666666667,83.8926666666666667,0.0,5.7333333333333333
222,2002-10-01,0.15482,0.8589200000000001,0.28979,191.8333333333333333,84.1866666666666667,0.0,5.8666666666666667
223,2003-01-01,0.55477,0.8659,0.40774,192.4666666666666667,84.3893333333333333,0.0,5.8666666666666667
224,2003-04-01,0.86026,1.26144,0.9654799999999999,192.8000000000000000,84.6376666666666667,0.0,6.1333333333333333
225,2003-07-01,1.6982099999999998,2.2298,1.6787299999999998,193.5666666666666667,84.9853333333333333,0.0,6.1333333333333333
226,2003-10-01,1.1481700000000001,1.9615599999999997,1.3628799999999999,194.0666666666666667,85.3340000000000000,0.0,5.8333333333333333
227,2004-01-01,0.53375,1.42821,0.67786,195.0000000000000000,85.8600000000000000,0.0,5.7000000000000000
228,2004-04-01,0.76208,1.35975,0.5396,196.2333333333333333,86.3633333333333333,0.0,5.6000000000000000
229,2004-07-01,0.9453299999999999,1.67829,1.01805,197.0666666666666667,86.6843333333333333,0.0,5.4333333333333333
230,2004-10-01,1.00167,1.55473,0.77657,198.2666666666666667,87.1533333333333333,0.0,5.4333333333333333
231,2005-01-01,1.10696,2.15956,1.35734,199.5000000000000000,87.7616666666666667,0.0,5.3000000000000000
232,2005-04-01,0.46156,1.06227,0.35928000000000004,200.4333333333333333,88.1650000000000000,0.0,5.1000000000000000
233,2005-07-01,0.89133,1.8668799999999999,0.9525299999999999,201.1000000000000000,88.4953333333333333,0.0,4.9666666666666667
234,2005-10-01,0.63146,1.2057200000000001,0.39682,202.4333333333333333,89.0700000000000000,0.0,4.9666666666666667
235,2006-01-01,1.33029,2.03985,1.33307,203.7000000000000000,89.5733333333333333,0.0,4.7333333333333333
236,2006-04-01,0.2337,1.02644,0.18861,205.3666666666666667,90.2106666666666667,0.0,4.6333333333333333
237,2006-07-01,0.15463,0.75455,0.054520000000000006,206.7666666666666667,90.6973333333333333,0.0,4.6333333333333333
238,2006-10-01,0.8518700000000001,1.29682,0.92556,207.8333333333333333,91.0863333333333333,0.0,4.4333333333333333
239,2007-01-01,0.23549,1.23068,0.24613000000000002,209.0510000000000000,91.7463333333333333,0.0,4.5000000000000000
240,2007-04-01,0.57287,1.37416,0.72365,210.0656666666666667,92.0870000000000000,0.0,4.5000000000000000
241,2007-07-01,0.54327,1.4513,0.93176,211.1486666666666667,92.5376666666666667,0.0,4.6666666666666667
242,2007-10-01,0.6078399999999999,1.31388,0.90875,212.6350000000000000,93.1386666666666667,1.0,4.8000000000000000
243,2008-01-01,-0.5747,-0.31353000000000003,-0.68517,214.0433333333333333,93.6563333333333333,1.0,5.0000000000000000
244,2008-04-01,0.51639,1.07202,0.5281,214.9733333333333333,94.1046666666666667,1.0,5.3333333333333333
245,2008-07-01,-0.5413600000000001,0.32422,-0.42351000000000005,216.3570000000000000,94.5470000000000000,1.0,6.0000000000000000
246,2008-10-01,-2.16381,-2.36038,-2.6565,216.8866666666666667,94.5910000000000000,1.0,6.8666666666666667
247,2009-01-01,-1.1227,-1.04962,-1.04485,217.7970000000000000,94.6776666666666667,1.0,8.2666666666666667
248,2009-04-01,-0.14399,-0.29804,-0.15734,218.9073333333333333,95.1046666666666667,1.0,9.3000000000000000
249,2009-07-01,0.36411,0.8535200000000001,0.7430899999999999,219.5596666666666667,95.4420000000000000,0.0,9.6333333333333333
250,2009-10-01,1.09838,1.3698299999999999,1.02535,220.6826666666666667,96.0373333333333333,0.0,9.9333333333333333
251,2010-01-01,0.38478,0.83645,0.5865199999999999,220.7156666666666667,96.3160000000000000,0.0,9.8333333333333333
252,2010-04-01,0.9220299999999999,1.38039,0.91499,220.9926666666666667,96.5306666666666667,0.0,9.6333333333333333
253,2010-07-01,0.73721,0.97695,0.6858,221.5276666666666667,96.6603333333333333,0.0,9.4666666666666667
254,2010-10-01,0.5019,1.15394,0.58787,222.1073333333333333,96.9243333333333333,0.0,9.5000000000000000
255,2011-01-01,-0.24044000000000001,0.37338000000000005,-0.16926,223.1566666666666667,97.3843333333333333,0.0,9.0333333333333333
256,2011-04-01,0.71497,1.37811,0.7096600000000001,224.1996666666666667,97.9536666666666667,0.0,9.0666666666666667
257,2011-07-01,-0.027780000000000003,0.76783,0.12646,225.7326666666666667,98.4260000000000000,0.0,9.0000000000000000
258,2011-10-01,1.1592799999999999,1.4008,1.2464,226.9366666666666667,98.7906666666666667,0.0,8.6333333333333333
259,2012-01-01,0.78299,1.30098,0.66735,228.1296666666666667,99.4400000000000000,0.0,8.2666666666666667
260,2012-04-01,0.4302,0.69066,0.29611,229.2506666666666667,99.8500000000000000,0.0,8.2000000000000000
261,2012-07-01,0.13495,0.64363,0.13194,230.2873333333333333,100.1336666666666667,0.0,8.0333333333333333
262,2012-10-01,0.11387,0.5897100000000001,0.07812999999999999,231.3596666666666667,100.5763333333333333,0.0,7.8000000000000000
263,2013-01-01,0.8856799999999999,1.2100600000000001,0.8072,232.5306666666666667,100.9750000000000000,0.0,7.7333333333333333
264,2013-04-01,0.1234,0.49148000000000003,0.20213,233.0593333333333333,101.2883333333333333,0.0,7.5333333333333333
265,2013-07-01,0.78342,1.32979,0.84624,234.3053333333333333,101.6793333333333333,0.0,7.2333333333333333
266,2013-10-01,0.79825,1.35476,0.76408,235.3463333333333333,102.1636666666666667,0.0,6.9333333333333333
267,2014-01-01,-0.28271,0.14973,-0.25798000000000004,236.2570000000000000,102.4996666666666667,0.0,6.6666666666666667
268,2014-04-01,1.35368,1.84748,1.28647,237.4793333333333333,102.9806666666666667,0.0,6.2000000000000000
269,2014-07-01,1.2209299999999998,1.7670599999999999,1.33475,238.4620000000000000,103.3620000000000000,0.0,6.0666666666666667
270,2014-10-01,0.56279,0.5318,0.379,239.4110000000000000,103.6453333333333333,0.0,5.7000000000000000
271,2015-01-01,0.94915,0.82983,0.9252100000000001,240.2460000000000000,103.8340000000000000,0.0,5.5333333333333333
272,2015-04-01,0.67661,1.14923,0.60429,241.6993333333333333,104.2876666666666667,0.0,5.4333333333333333
273,2015-07-01,0.3626,0.67877,0.36257,242.8993333333333333,104.6203333333333333,0.0,5.1000000000000000
274,2015-10-01,0.16036,0.27478,0.26593,244.1853333333333333,104.8726666666666667,0.0,5.0333333333333333
275,2016-01-01,0.5664100000000001,0.38925,0.45921999999999996,245.4593333333333333,105.3430000000000000,0.0,4.9000000000000000
276,2016-04-01,0.31192,1.01785,0.3238,247.0760000000000000,105.8920000000000000,0.0,4.9333333333333333
277,2016-07-01,0.5444,0.8962399999999999,0.55497,248.3646666666666667,106.3900000000000000,0.0,4.9000000000000000
278,2016-10-01,0.6293,1.37785,0.8839299999999999,249.5143333333333333,106.7833333333333333,0.0,4.7666666666666667
279,2017-01-01,0.56567,1.07781,0.5665100000000001,250.7336666666666667,107.2513333333333333,0.0,4.5666666666666667
280,2017-04-01,0.42694,0.68008,0.37005,251.5206666666666667,107.6190000000000000,0.0,4.4000000000000000
281,2017-07-01,0.72883,1.38345,0.88331,252.5610000000000000,107.9896666666666667,0.0,4.3000000000000000
282,2017-10-01,0.95568,1.7213,1.04188,253.8623333333333333,108.5610000000000000,0.0,4.1333333333333333
283,2018-01-01,0.93168,1.45733,0.86134,255.5320000000000000,109.2116666666666667,0.0,4.0333333333333333
284,2018-04-01,0.6686300000000001,1.3982,0.53745,257.1156666666666667,109.8336666666666667,0.0,3.9333333333333333
285,2018-07-01,0.5252,0.76032,0.36034,258.1813333333333333,110.2326666666666667,0.0,3.7666666666666667
286,2018-10-01,0.32832,0.85662,0.38048000000000004,259.4256666666666667,110.7426666666666667,0.0,3.8333333333333333
287,2019-01-01,0.72512,0.84603,0.58973,260.8266666666666667,111.0736666666666667,0.0,3.8666666666666667
288,2019-04-01,0.37072,1.11985,0.47498,262.5170000000000000,111.6663333333333333,0.0,3.6666666666666667
289,2019-07-01,0.6369100000000001,1.01404,0.6641100000000001,264.1233333333333333,112.1916666666666667,0.0,3.6000000000000000
290,2019-10-01,0.58623,0.9550799999999999,0.58048,265.3680000000000000,112.5673333333333333,0.0,3.6000000000000000
291,2020-01-01,-1.26265,-1.01758,-1.42239,266.6673333333333333,113.0276666666666667,1.0,3.8000000000000000
292,2020-04-01,-8.98612,-9.77942,-9.30289,265.9183333333333333,112.8086666666666667,1.0,13.0666666666666667
293,2020-07-01,7.478739999999999,8.6906,7.714639999999999,268.5103333333333333,113.7676666666666667,0.0,8.8000000000000000
294,2020-10-01,1.0642,1.51078,1.0427,269.7030000000000000,114.1233333333333333,0.0,6.7666666666666667
295,2021-01-01,1.56237,2.51517,1.44475,270.5126666666666667,114.8413333333333333,,6.1666666666666667
